"References","Qty","Value","Part","Footprint"
"BZ1","1","CMI-1295IC-0385T","Same Sky CMI-1295IC-0385T magnetic buzzer, 12 mm","Buzzer_Beeper:Buzzer_12x9.5RM7.6"
"C1","1","100nF","100 nF ceramic disc, 50 V, 2.5 mm pitch","Capacitor_THT:C_Disc_D3.0mm_W1.6mm_P2.50mm"
"C2","1","100uF 10V","100 uF 10 V radial electrolytic, 5 mm diameter, 2 mm pitch","Capacitor_THT:CP_Radial_D5.0mm_P2.00mm"
"D1","1","LED red 3 mm","3 mm red LED","LED_THT:LED_D3.0mm"
"D2","1","1N4148","1N4148, DO-35","Diode_THT:D_DO-35_SOD27_P7.62mm_Horizontal"
"J1","1","ISP","2x3 shrouded box header, 2.54 mm, vertical","Connector_IDC:IDC-Header_2x03_P2.54mm_Vertical"
"Q1","1","2N3904","2N3904 NPN, TO-92, legs formed to 2.54 mm","Package_TO_SOT_THT:TO-92_Inline_Wide"
"R1,R2","2","1k","1 kOhm axial resistor, DIN0204, 5.08 mm pitch","Resistor_THT:R_Axial_DIN0204_L3.6mm_D1.6mm_P5.08mm_Horizontal"
"R3,R5","2","10k","10 kOhm axial resistor, DIN0204, 5.08 mm pitch","Resistor_THT:R_Axial_DIN0204_L3.6mm_D1.6mm_P5.08mm_Horizontal"
"R4","1","10","10 Ohm axial resistor, DIN0204, 5.08 mm pitch","Resistor_THT:R_Axial_DIN0204_L3.6mm_D1.6mm_P5.08mm_Horizontal"
"SW1","1","CTS 206-2ST","CTS 206-2ST, 2-position DIP switch","Button_Switch_THT:SW_DIP_SPSTx02_Slide_9.78x7.26mm_W7.62mm_P2.54mm"
"U1","1","ATtiny85-20PU","ATtiny85-20PU in a DIP-8 7.62 mm socket","Package_DIP:DIP-8_W7.62mm_Socket"
